<?xml version="1.0" encoding="UTF-8"?>
<!DOCTYPE hibernate-mapping PUBLIC
        "-//Hibernate/Hibernate Mapping DTD 3.0//EN"
        "http://www.hibernate.org/dtd/hibernate-mapping-3.0.dtd">
<hibernate-mapping package="assignment1">
<class name="Emp" table="EMP">
    <meta attribute = "class-description">
         This class contains the employee detail. 
      </meta>
      
      <id name="id">  
     <generator class="assigned"></generator>  
    </id>
        <property name="name" type="string" column="NAME"/>
        <property name="role" type="string" column="ROLE"/>
        
         
    </class>
  
</hibernate-mapping>