<?xml version="1.0" encoding="UTF-8"?>
<!DOCTYPE hibernate-configuration
PUBLIC "-//Hibernate/Hibernate Configuration DTD 3.0//EN"
"http://hibernate.sourceforge.net/hibernate-configuration-3.0.dtd">

<hibernate-configuration>
<session-factory>
	<!--  Oracle Dialect -->
	<property name="hibernate.dialect">org.hibernate.dialect.Oracle10gDialect</property>
	
	<!-- Database Connection Settings -->
	<property name="hibernate.connection.driver_class">oracle.jdbc.OracleDriver</property>
	<property name="hibernate.connection.url">jdbc:oracle:thin:@localhost:1521:XE</property>
	<property name="hibernate.connection.username">system</property>
	<property name="hibernate.connection.password">admin</property>
	<property name="hibernate.show_sql">true</property>
	<property name="hibernate.hbm2ddl.auto">update</property>
	<property name="hibernate.enable_lazy_load_no_trans">true</property>
	
	<mapping class="com.wipro.bean.Car_Details"/>
</session-factory>
</hibernate-configuration>