<?xml version="1.0" encoding="UTF-8"?>
<!DOCTYPE hibernate-mapping PUBLIC
        "-//Hibernate/Hibernate Mapping DTD 3.0//EN"
        "http://www.hibernate.org/dtd/hibernate-mapping-3.0.dtd">
<hibernate-mapping package="assignment2">
<class name="Flower" table="Flower">
<id name="FlowerID">
<generator class="assigned"></generator>
</id>
<property name="FlowerName" column="FlowerName"></property>
<property name="Color" column="Color"></property>
<property name="Price" column="Price"></property>
</class>
</hibernate-mapping>