<?xml version="1.0" encoding="UTF-8"?>
<!DOCTYPE hibernate-configuration PUBLIC "-//Hibernate/Hibernate Configuration DTD 3.0//EN"
                                         "http://www.hibernate.org/dtd/hibernate-configuration-3.0.dtd">
<hibernate-configuration>
 <session-factory name="">
  <property name="hibernate.dialect">org.hibernate.dialect.Oracle10gDialect</property>
  <property name="hibernate.connection.driver_class">oracle.jdbc.OracleDriver</property>
  <property name="hibernate.connection.url">jdbc:oracle:thin:@localhost:1521:orcl</property>
  <property name="hibernate.connection.username">hr</property>
  <property name="hibernate.connection.password">hr</property>
  <property name="hibernate.hbm2ddl.auto">create</property>
  <property name="show_sql">true</property>
  <mapping class="assignment4.Product"/>
  <mapping resource="assignment4/product.hbm.xml"/>
 </session-factory>
</hibernate-configuration>
